<?xml version="1.0" encoding="UTF-8" standalone="no"?>
<project>
	<configuration id="cdt.managedbuild.config.gnu.cross.so.debug.1780319432" name="Debug">
		<extension point="org.eclipse.cdt.core.LanguageSettingsProvider">
			<provider copy-of="extension" id="org.eclipse.cdt.ui.UserLanguageSettingsProvider"/>
			<provider-reference id="org.eclipse.cdt.core.ReferencedProjectsLanguageSettingsProvider" ref="shared-provider"/>
			<provider class="org.eclipse.cdt.managedbuilder.internal.language.settings.providers.GCCBuiltinSpecsDetectorMinGW" console="true" env-hash="1067443034600780401" id="org.eclipse.cdt.managedbuilder.core.GCCBuiltinSpecsDetectorMinGW" keep-relative-paths="false" name="CDT GCC Built-in Compiler Settings MinGW" parameter="${COMMAND} ${FLAGS} -E -P -v -dD &quot;${INPUTS}&quot;">
				<language-scope id="org.eclipse.cdt.core.gcc"/>
				<language-scope id="org.eclipse.cdt.core.g++"/>
			</provider>
			<provider-reference id="org.eclipse.cdt.managedbuilder.core.MBSLanguageSettingsProvider" ref="shared-provider"/>
		</extension>
	</configuration>
	<configuration id="cdt.managedbuild.config.gnu.cross.so.release.314461808" name="Release">
		<extension point="org.eclipse.cdt.core.LanguageSettingsProvider">
			<provider class="org.eclipse.cdt.core.language.settings.providers.LanguageSettingsGenericProvider" id="org.eclipse.cdt.ui.UserLanguageSettingsProvider" name="CDT User Setting Entries" prefer-non-shared="true" store-entries-with-project="true"/>
			<provider-reference id="org.eclipse.cdt.core.ReferencedProjectsLanguageSettingsProvider" ref="shared-provider"/>
			<provider-reference id="org.eclipse.cdt.managedbuilder.core.MBSLanguageSettingsProvider" ref="shared-provider"/>
			<provider class="org.eclipse.cdt.managedbuilder.internal.language.settings.providers.GCCBuiltinSpecsDetectorMinGW" console="true" env-hash="1067443034600780401" id="org.eclipse.cdt.managedbuilder.core.GCCBuiltinSpecsDetectorMinGW" keep-relative-paths="false" name="CDT GCC Built-in Compiler Settings MinGW" parameter="${COMMAND} ${FLAGS} -E -P -v -dD &quot;${INPUTS}&quot;">
				<language-scope id="org.eclipse.cdt.core.gcc"/>
				<language-scope id="org.eclipse.cdt.core.g++"/>
			</provider>
		</extension>
	</configuration>
	<configuration id="cdt.managedbuild.config.gnu.cross.so.debug.1780319432.1297925460" name="Debug_readline">
		<extension point="org.eclipse.cdt.core.LanguageSettingsProvider">
			<provider copy-of="extension" id="org.eclipse.cdt.ui.UserLanguageSettingsProvider"/>
			<provider-reference id="org.eclipse.cdt.core.ReferencedProjectsLanguageSettingsProvider" ref="shared-provider"/>
			<provider-reference id="org.eclipse.cdt.managedbuilder.core.MBSLanguageSettingsProvider" ref="shared-provider"/>
			<provider class="org.eclipse.cdt.managedbuilder.internal.language.settings.providers.GCCBuiltinSpecsDetectorMinGW" console="true" env-hash="1067443034600780401" id="org.eclipse.cdt.managedbuilder.core.GCCBuiltinSpecsDetectorMinGW" keep-relative-paths="false" name="CDT GCC Built-in Compiler Settings MinGW" parameter="${COMMAND} ${FLAGS} -E -P -v -dD &quot;${INPUTS}&quot;">
				<language-scope id="org.eclipse.cdt.core.gcc"/>
				<language-scope id="org.eclipse.cdt.core.g++"/>
			</provider>
		</extension>
	</configuration>
	<configuration id="cdt.managedbuild.config.gnu.cross.so.release.314461808.1224549787" name="Release_readline">
		<extension point="org.eclipse.cdt.core.LanguageSettingsProvider">
			<provider copy-of="extension" id="org.eclipse.cdt.ui.UserLanguageSettingsProvider"/>
			<provider-reference id="org.eclipse.cdt.core.ReferencedProjectsLanguageSettingsProvider" ref="shared-provider"/>
			<provider-reference id="org.eclipse.cdt.managedbuilder.core.MBSLanguageSettingsProvider" ref="shared-provider"/>
			<provider class="org.eclipse.cdt.managedbuilder.internal.language.settings.providers.GCCBuiltinSpecsDetectorMinGW" console="true" env-hash="1067443034600780401" id="org.eclipse.cdt.managedbuilder.core.GCCBuiltinSpecsDetectorMinGW" keep-relative-paths="false" name="CDT GCC Built-in Compiler Settings MinGW" parameter="${COMMAND} ${FLAGS} -E -P -v -dD &quot;${INPUTS}&quot;">
				<language-scope id="org.eclipse.cdt.core.gcc"/>
				<language-scope id="org.eclipse.cdt.core.g++"/>
			</provider>
		</extension>
	</configuration>
	<configuration id="cdt.managedbuild.config.gnu.cross.so.debug.1780319432.60088962" name="Debug32">
		<extension point="org.eclipse.cdt.core.LanguageSettingsProvider">
			<provider copy-of="extension" id="org.eclipse.cdt.ui.UserLanguageSettingsProvider"/>
			<provider-reference id="org.eclipse.cdt.core.ReferencedProjectsLanguageSettingsProvider" ref="shared-provider"/>
			<provider class="org.eclipse.cdt.managedbuilder.internal.language.settings.providers.GCCBuiltinSpecsDetectorMinGW" console="true" env-hash="1067443034600780401" id="org.eclipse.cdt.managedbuilder.core.GCCBuiltinSpecsDetectorMinGW" keep-relative-paths="false" name="CDT GCC Built-in Compiler Settings MinGW" parameter="${COMMAND} ${FLAGS} -E -P -v -dD &quot;${INPUTS}&quot;">
				<language-scope id="org.eclipse.cdt.core.gcc"/>
				<language-scope id="org.eclipse.cdt.core.g++"/>
			</provider>
			<provider-reference id="org.eclipse.cdt.managedbuilder.core.MBSLanguageSettingsProvider" ref="shared-provider"/>
		</extension>
	</configuration>
	<configuration id="cdt.managedbuild.config.gnu.cross.so.release.314461808.2028381191" name="Release32">
		<extension point="org.eclipse.cdt.core.LanguageSettingsProvider">
			<provider class="org.eclipse.cdt.core.language.settings.providers.LanguageSettingsGenericProvider" id="org.eclipse.cdt.ui.UserLanguageSettingsProvider" name="CDT User Setting Entries" prefer-non-shared="true" store-entries-with-project="true"/>
			<provider-reference id="org.eclipse.cdt.core.ReferencedProjectsLanguageSettingsProvider" ref="shared-provider"/>
			<provider-reference id="org.eclipse.cdt.managedbuilder.core.MBSLanguageSettingsProvider" ref="shared-provider"/>
			<provider class="org.eclipse.cdt.managedbuilder.internal.language.settings.providers.GCCBuiltinSpecsDetectorMinGW" console="true" env-hash="1067443034600780401" id="org.eclipse.cdt.managedbuilder.core.GCCBuiltinSpecsDetectorMinGW" keep-relative-paths="false" name="CDT GCC Built-in Compiler Settings MinGW" parameter="${COMMAND} ${FLAGS} -E -P -v -dD &quot;${INPUTS}&quot;">
				<language-scope id="org.eclipse.cdt.core.gcc"/>
				<language-scope id="org.eclipse.cdt.core.g++"/>
			</provider>
		</extension>
	</configuration>
	<configuration id="cdt.managedbuild.config.gnu.cross.so.release.314461808.2028381191.540098294" name="Release32_readline">
		<extension point="org.eclipse.cdt.core.LanguageSettingsProvider">
			<provider class="org.eclipse.cdt.core.language.settings.providers.LanguageSettingsGenericProvider" id="org.eclipse.cdt.ui.UserLanguageSettingsProvider" name="CDT User Setting Entries" prefer-non-shared="true" store-entries-with-project="true"/>
			<provider-reference id="org.eclipse.cdt.core.ReferencedProjectsLanguageSettingsProvider" ref="shared-provider"/>
			<provider-reference id="org.eclipse.cdt.managedbuilder.core.MBSLanguageSettingsProvider" ref="shared-provider"/>
			<provider class="org.eclipse.cdt.managedbuilder.internal.language.settings.providers.GCCBuiltinSpecsDetectorMinGW" console="true" env-hash="1067443034600780401" id="org.eclipse.cdt.managedbuilder.core.GCCBuiltinSpecsDetectorMinGW" keep-relative-paths="false" name="CDT GCC Built-in Compiler Settings MinGW" parameter="${COMMAND} ${FLAGS} -E -P -v -dD &quot;${INPUTS}&quot;">
				<language-scope id="org.eclipse.cdt.core.gcc"/>
				<language-scope id="org.eclipse.cdt.core.g++"/>
			</provider>
		</extension>
	</configuration>
	<configuration id="cdt.managedbuild.config.gnu.cross.so.debug.1780319432.60088962.635192008" name="Debug32_readline">
		<extension point="org.eclipse.cdt.core.LanguageSettingsProvider">
			<provider copy-of="extension" id="org.eclipse.cdt.ui.UserLanguageSettingsProvider"/>
			<provider-reference id="org.eclipse.cdt.core.ReferencedProjectsLanguageSettingsProvider" ref="shared-provider"/>
			<provider class="org.eclipse.cdt.managedbuilder.internal.language.settings.providers.GCCBuiltinSpecsDetectorMinGW" console="true" env-hash="1067443034600780401" id="org.eclipse.cdt.managedbuilder.core.GCCBuiltinSpecsDetectorMinGW" keep-relative-paths="false" name="CDT GCC Built-in Compiler Settings MinGW" parameter="${COMMAND} ${FLAGS} -E -P -v -dD &quot;${INPUTS}&quot;">
				<language-scope id="org.eclipse.cdt.core.gcc"/>
				<language-scope id="org.eclipse.cdt.core.g++"/>
			</provider>
			<provider-reference id="org.eclipse.cdt.managedbuilder.core.MBSLanguageSettingsProvider" ref="shared-provider"/>
		</extension>
	</configuration>
</project>
